{"cameraMode":{"drawMode":0,"name":"Shaded","section":"Shading Mode"},"sceneLighting":true,"audioPlay":false,"sceneViewState":{"showFog":true,"showMaterialUpdate":false,"showSkybox":true,"showFlares":true,"showImageEffects":true,"showParticleSystems":true},"in2DMode":false,"pivot":{"x":0.47374534606933596,"y":0.5191055536270142,"z":-0.2816005051136017},"rotation":{"x":-0.09632709622383118,"y":0.7155771255493164,"z":-0.10070189833641052,"w":-0.6844922304153442},"size":3.949228048324585,"orthographic":false}